,Seller,SKU,Revenue,Lost profit,Sales,Balance,Turnover days,Base price,Basic Sale,Basic Sale Price,Price with WB wallet,Comments,Days in website,Search cpm avg,Cohort,Period
0,Adele,438569912,6202,102583,6,0,0,6459,149,1613,1580,6,622,0,micro seller,year 2024
1,Ailuna,189961153,4286,78050,3,0,0,10312,62,3880,3802,1,438,0,micro seller,year 2024
2,Aiza,517965120,2478,149206,2,1,4,5000,64,3360,3292,2,262,0,micro seller,year 2024
3,Aleum,538091829,1096406,5210317,779,0,0,6000,109,2656,2602,436,216,0,mid business,year 2024
4,Alexandra,477935288,6582,361840,6,0,0,4250,105,1987,1946,12,420,0,micro seller,year 2024
5,Anis,301384558,16671,135452,23,76,132,1450,53,678,664,2,39,353,small business,year 2024
6,B.m.r.oneclick,1238371916,6668,1245027,6,0,0,9100,200,5384,5275,36,979,0,micro seller,year 2024
7,Baizak,247866213,26874,365486,25,0,0,2599,64,935,916,7,182,0,small business,year 2024
8,Beautyko,784543529,925889,20756519,606,32,1,13566,200,4547,4454,49,388,0,mid business,year 2024
9,Beautymania,525443736,2214,805896,2,0,0,3660,77,2226,2181,1,254,0,micro seller,year 2024
10,Beisen,2345402186,267604,3506534,199,1,21,21400,272,15215,14905,938,2445,0,mid business,year 2024
11,Brave Beauty,239892525,288724,2638617,284,0,0,1648,31,1127,1104,147,212,0,mid business,year 2024
12,Cosmo,504099603,3169,176448,2,0,0,4440,57,3162,3097,2,341,0,micro seller,year 2024
13,Firmach,11924597065,3278405,14056202,2594,282,107,173800,1647,125898,123330,6729,25188,0,mid business,year 2024
14,Flatrent,1486151078,2490690,3950404,1990,165,160,18900,319,7156,7010,959,1106,500,mid business,year 2024
15,Girlish Charms,435647106,2136,94961,2,0,0,3400,62,2340,2292,1,635,0,micro seller,year 2024
16,Gitinov Kh. I.,1026830437,14926,605649,10,0,0,8150,146,5122,5018,104,636,0,small business,year 2024
17,Hottie Cosmetics,4527788619,821556,16751020,788,2,32,26150,577,16449,16112,645,2125,1030,mid business,year 2024
18,Katrinshop,208904240,1453,528892,1,0,0,2300,42,1324,1297,1,355,0,micro seller,year 2024
19,Kiwano,159053009,2164,10576,2,0,0,2114,63,776,760,4,641,0,micro seller,year 2024
20,Korbutik,810576539,4704,160963,4,0,0,6900,104,5068,4965,4,1504,0,micro seller,year 2024
21,Korea,260257182,1503,14632,1,1,34,2900,53,1336,1309,1,138,0,micro seller,year 2024
22,Korea Love,529827870,3463,437503,3,0,0,5363,91,2928,2868,2,244,0,micro seller,year 2024
23,Korea Mood,784049349,2338573,4893913,2738,197,56,15714,232,7715,6029,1512,3093,0,mid business,year 2024
24,Kukku,891743820,7515,943454,5,0,0,11400,113,7327,7179,6,159,0,micro seller,year 2024
25,Kuzanov Store,512401354,1790,382890,2,0,0,2600,44,2036,1994,27,310,0,micro seller,year 2024
26,Lakshme,201107926,4326,74624,3,0,0,2500,36,1596,1564,2,381,0,micro seller,year 2024
27,Life Style,963271227,6555,52868,6,0,0,9800,156,5735,5618,17,859,0,micro seller,year 2024
28,Lifecosm,9532675739,190734112,377475043,125087,31089,2004,204742,2793,62090,60829,58182,11905,14320,top seller,year 2024
29,Live,2420388034,153820,6195015,129,156,52,18805,415,9913,9710,31,1328,0,small business,year 2024
30,Live 26,472117446,4518,428275,5,0,0,3333,88,1847,1809,10,484,0,micro seller,year 2024
31,M.i.m Showroom,2845614503,201995,3533113,167,0,0,27200,362,18079,17713,92,1605,0,small business,year 2024
32,MD Shop,5826220357,27104088,35864926,23707,2392,328,52510,1134,27571,27010,9903,4879,2817,big business,year 2024
33,Magishop,264496446,1224,73236,1,0,0,2330,46,1252,1226,0,124,0,micro seller,year 2024
34,Meyou Shop,1929163976,53777,2813317,46,26,145,23000,448,8216,8049,39,362,0,small business,year 2024
35,Miss Beauty,486208619,5153,346527,4,0,0,4100,68,2676,2622,642,409,0,micro seller,year 2024
36,MЮ Сервис,218000006,2900,349933,2,0,0,3400,72,930,911,6,314,0,micro seller,year 2024
37,Sammi Shop,1500225348,27780,284048,20,0,0,17300,284,10160,9953,24,2303,0,small business,year 2024
38,Sarto,197007554,1776,26408,1,0,0,2140,10,1912,1873,0,407,0,micro seller,year 2024
39,Seol,798388201,23908,1247107,17,2,2,8500,159,3909,3829,166,360,0,small business,year 2024
40,Sst-Group,251223915,1047,75384,1,0,0,2321,5,2183,2139,1,173,0,micro seller,year 2024
41,Tenderness,822563825,1306070,5524364,912,367,51,11000,197,3860,3782,993,276,403,mid business,year 2024
42,Topface,1880216150,78796,1255405,65,2,50,20300,348,13179,12911,94,4431,0,small business,year 2024
43,Verovika,3011761145,25946,2515681,22,0,0,29995,634,12124,11877,968,1098,0,small business,year 2024
44,Wildmarket,467752558,3088,21038,3,0,0,2610,32,2192,2148,4,494,0,micro seller,year 2024
45,Yamakasi,201120199,3939,4138,3,0,0,2200,59,891,873,1,379,0,micro seller,year 2024
46,Yerbol,1877724013,90944,2027927,67,0,0,20700,448,10806,10607,847,4451,0,small business,year 2024
47,Yolo,4525995343,6905690,69035141,5281,1647,356,65600,1212,23767,23286,1944,4276,550,big business,year 2024
48,Zdanie,1867907424,128622,1804591,119,0,0,19750,417,11340,11108,725,4557,0,small business,year 2024
49,Zhan Cosmetics,316612112,83600,6019200,39,57,7,5200,58,2154,2110,3,4,300,small business,year 2024
50,Zima,1870688056,15389,900354,16,0,0,16050,322,9593,9397,20,1959,0,small business,year 2024
51,Абдулаева Ш. М.,279898817,2024,182666,1,0,0,2525,16,2099,2057,0,83,0,micro seller,year 2024
52,Адилов Шамиль Эйвазович,279899002,1296,41708,1,0,0,2500,32,1680,1646,0,82,0,micro seller,year 2024
53,Адухов Хабибула Магомедович,278375320,1458,74566,1,0,0,2500,39,1512,1481,0,85,0,micro seller,year 2024
54,Алибеккадиева Айшат Абдулкеримовна,290262193,1769,643916,1,0,0,2400,35,1555,1523,1,66,0,micro seller,year 2024
55,Алигаджиева,1999310651,60417,2688149,36,0,0,19600,200,14715,14418,200,1461,300,small business,year 2024
56,Алимирзаев Гасан Мухтарович,1498214254,35551,805152,29,4,26,14050,231,8472,8300,64,1077,0,small business,year 2024
57,Алимирзаева Минара Мухтаровна,3082019975,111191,2028158,95,2,10,27150,525,16948,16603,439,4286,0,small business,year 2024
58,Амиржан,358504906,6080,100017,4,0,0,5900,10,5550,5438,7,923,0,micro seller,year 2024
59,Асюля,263106786,1078,392392,1,0,0,1670,34,1094,1072,1,130,0,micro seller,year 2024
60,Балашова Мадина Бейбитовна,267671580,3701,80728,2,0,0,4000,59,1612,1579,0,113,0,micro seller,year 2024
61,Бахтияров Магомед Муминович,1377689714,11155,1871989,8,0,0,15000,256,9383,988,43,2886,0,small business,year 2024
62,Бахтиярова Имара Курбановна,263105753,14811,1787194,14,0,0,1500,30,1043,1022,365,130,0,small business,year 2024
63,Бекмирзаева Мадинат Абдулгамидовна,224233196,2050,11077,1,0,0,2500,46,1332,1305,0,279,0,micro seller,year 2024
64,Бикиев Омурбек,264765281,1069,5028,1,2,128,6000,66,2016,1975,1,122,0,micro seller,year 2024
65,Бота,1261706984,67732,808014,25,5,306,30000,208,19443,19051,13,2056,0,small business,year 2024
66,Гасанов Шамиль Магомаевич,1504674386,13310,1419922,11,0,0,13800,222,9381,9191,350,2361,0,small business,year 2024
67,Есболганова,1553526702,13584,348135,13,0,0,23500,516,6111,5986,12,2100,0,small business,year 2024
68,ИП,462189696,6687,527166,5,0,0,4800,63,3286,3220,12,515,0,micro seller,year 2024
69,ИП Abc,6367599743,4256505,21081971,3355,1591,1532,83290,1464,37720,36954,6436,6687,0,mid business,year 2024
70,ИП Aikerbez,253296006,1956,40040,2,0,0,1500,37,931,931,0,166,0,micro seller,year 2024
71,ИП Alioris,437323785,3230,72364,2,0,0,4380,10,4120,4036,2,627,0,micro seller,year 2024
72,ИП B Stars,539445279,23214,90127,25,0,0,7060,148,1778,1742,2,170,0,small business,year 2024
73,ИП Danai,196023802,7020,55475,8,0,0,3200,72,876,0,2,392,0,micro seller,year 2024
74,ИП House OF Cosmetics,801748687,6423,1053475,3,1,62,29300,215,8070,7907,0,343,0,micro seller,year 2024
75,ИП I Like,5481663838,2463533,29733355,1848,751,880,68643,1072,27110,26558,2167,1395,781,mid business,year 2024
76,ИП Ksc,5906463243,3776668,13855081,2861,1127,1316,87901,1523,32960,32290,4323,6066,348,mid business,year 2024
77,ИП Lotos,588522459,15658,982385,10,0,0,3760,17,3424,3355,250,118,0,small business,year 2024
78,ИП Loveskin,612336527,3262,1187368,2,0,0,4000,36,3298,3231,6,73,0,micro seller,year 2024
79,ИП Matakana,528060201,33700,386396,28,13,184,7200,128,2592,2540,1,250,0,small business,year 2024
80,ИП Muratovna,208637695,2210,5777,2,0,0,2600,30,1797,1761,1,355,0,micro seller,year 2024
81,ИП Onlinetrade,232805567,1476,11664,2,0,0,2200,74,569,551,1,250,0,micro seller,year 2024
82,ИП Yergeshpayev,5064460842,561676,5068855,368,62,202,54372,713,35270,34553,8209,4922,0,mid business,year 2024
83,ИП АН А А,2746529669,37469,2747816,33,1,2,21640,357,14576,14279,543,1973,0,small business,year 2024
84,ИП Абдигали,476198635,347274,2612949,250,0,0,10000,136,3156,3092,679,454,0,mid business,year 2024
85,ИП Абдулманапов А П,970273692,5599,65257,5,0,0,7460,146,4764,4697,0,876,0,micro seller,year 2024
86,ИП Абрамов Антон Владимирович,770628564,165738,244784,119,474,18637,6200,93,4252,4166,10,440,0,small business,year 2024
87,ИП Абрамова О П,4975056167,23065100,24417474,19711,2610,1284,36350,613,25744,25219,3692,6334,0,big business,year 2024
88,ИП Абубакиров,2409008375,1836007,12376596,880,169,21,43500,568,18722,18341,186,2148,0,mid business,year 2024
89,ИП Агабегова С Ш,2316949973,14642,1361166,12,0,0,20750,430,10697,10478,22,1296,0,small business,year 2024
90,ИП Алиев А М,219676039,1704,6816,1,0,0,2100,18,1711,1676,1,309,0,micro seller,year 2024
91,ИП Алиева З А,2456280084,109444,3085793,80,0,0,22370,354,15053,14747,353,3260,0,small business,year 2024
92,ИП Алиева З З,697906460,13293,501192,11,3,8,9330,158,4452,4362,15,748,0,small business,year 2024
93,ИП Алиева И Г,282525189,1394,507416,1,0,0,2100,20,1675,1641,1,77,0,micro seller,year 2024
94,ИП Алхайров,933523945,28375,474745,21,0,0,20000,274,6208,6082,22,995,0,small business,year 2024
95,ИП Алхайрова,474909970,19899,338152,15,0,0,6000,121,2217,2171,140,458,0,small business,year 2024
96,ИП Андрей Ким,3065556024,51961,3387569,38,1,4,24289,361,16937,16593,213,1878,0,small business,year 2024
97,ИП Асылова,715374733,11146,1414153,7,0,0,5450,38,4751,4655,14,677,0,small business,year 2024
98,ИП Ахмедов А М,4775635349,110958,4315675,86,1,102,82080,1116,32681,32019,737,4592,0,small business,year 2024
99,ИП Ахмедова,1315488608,76380,573981,55,0,0,14600,311,8074,7949,143,3141,0,small business,year 2024
100,ИП Ахмедова Э А,373798809,226648,518968,261,0,0,2910,87,1592,893,78,891,0,small business,year 2024
101,ИП Ачкасов Максим Геннадьевич,226679324,585636,305019,591,0,0,3000,74,777,761,83,274,0,mid business,year 2024
102,ИП Аяла,489526488,3048,180432,2,0,0,12000,124,4514,4422,1,399,0,micro seller,year 2024
103,ИП Байсейтова,1154512679,16359,609794,13,0,0,30000,403,5701,5585,29,1297,0,small business,year 2024
104,ИП Балиев А Г,239547079,1316,3585,1,0,0,1900,24,1436,1407,0,220,0,micro seller,year 2024
105,ИП Бармина И С,707301077,3694,159833,3,0,0,5650,137,3071,3008,10,707,0,micro seller,year 2024
106,ИП Бахтияров Амиран Магомедович,191041685,2455,893620,1,0,0,3700,27,2672,0,0,433,0,micro seller,year 2024
107,ИП Бейсембаева,303673545,2200457,20747166,898,80,3,4000,32,2707,2652,147,43,0,mid business,year 2024
108,ИП Бейспекова,494358164,3152,185285,3,1,8,4300,52,3170,3105,1,377,0,micro seller,year 2024
109,ИП Болодис А С,232982733,1731,31522,2,0,0,1500,42,864,846,0,218,0,micro seller,year 2024
110,ИП Борисенко Елена Владимировна,5143974932,7313503,16439869,4859,656,383,88726,1350,48194,47217,1900,18098,1402,big business,year 2024
111,ИП Борисова Елена Николаевна,2085262068,40385,1032763,20,22,379,31003,393,15190,14882,161,1165,0,small business,year 2024
112,ИП Ботов Н В,2780008376,8792296,30499165,6337,1176,494,42183,724,18374,18000,1464,4392,2261,big business,year 2024
113,ИП Бурянина М А,785854657,237151,833678,185,0,0,14566,229,5828,5710,151,1645,0,small business,year 2024
114,ИП Варичкина О Н,285597735,187,68068,1,0,0,260,28,187,183,2,68,0,micro seller,year 2024
115,ИП Власов С В,3546347572,3476511,13248661,2881,1318,626,56935,1039,21608,21166,1420,5521,1895,mid business,year 2024
116,ИП Гаджиев М Х,2526566041,55757,2067745,42,2,4,18900,337,12400,12147,75,1683,0,small business,year 2024
117,ИП Гаммер Л А,203843903,17584,239142,13,0,0,1600,28,1152,1128,2,351,0,small business,year 2024
118,ИП Гринина А С,855706653,23453,156484,18,23,422,10000,175,3906,3826,20,215,0,small business,year 2024
119,ИП Гулназ М,591231847,343967,5617754,199,0,0,6900,66,4536,4445,90,116,0,mid business,year 2024
120,ИП Гуревич Евгений Семенович,33005343,146543,101027,115,0,0,7490,129,2628,2575,104,2918,0,small business,year 2024
121,ИП Дженетов З Б,270263405,1150,26833,1,0,0,2000,28,1440,1411,0,106,0,micro seller,year 2024
122,ИП Джугло И Е,624156532,4677,848875,3,257,375,14573,157,3024,2962,0,2,0,micro seller,year 2024
123,ИП Дзахмишев И А,462670757,55459,242347,42,0,0,8000,140,2360,2312,34,462,0,small business,year 2024
124,ИП Дин Ислам,1524106094,22100,603510,13,2,70,15150,46,14049,13765,342,2222,0,small business,year 2024
125,ИП Дорожко,244752692,1349,491036,1,0,0,2220,5,2088,2046,2,196,0,micro seller,year 2024
126,ИП Ермакова М М,226495852,707,958,1,0,0,1630,32,1095,1073,1,279,0,micro seller,year 2024
127,ИП Женишбекова А Ж,7412445632,11535293,119713345,8466,1311,368,70807,1293,35854,33794,4860,2942,946,big business,year 2024
128,ИП Ибраимова,5626081294,434358,13543641,169,1,6,68193,151,63307,62033,2504,3469,0,mid business,year 2024
129,ИП Ивкин Данил Александрович,468625488,698192,324182,649,121,148,6100,123,3539,3467,169,1791,238,mid business,year 2024
130,ИП Идрисова Н Ш,280909610,1296,471744,1,0,0,2000,33,1324,1297,4,81,0,micro seller,year 2024
131,ИП Ильясова П М,7338177643,972938,6347151,847,3,87,79450,844,58019,56846,1121,8617,414,mid business,year 2024
132,ИП Казбек,556556022,9570,1216282,5,0,0,13000,135,4176,4091,83,183,138,micro seller,year 2024
133,ИП Калистрина В А,933591022,33231,1314471,17,269,453,14150,179,5671,5556,645,36,435,small business,year 2024
134,ИП Камбаралиев,3510186991,2224663,46181711,986,228,460,203455,823,65302,63992,1461,551,661,mid business,year 2024
135,ИП Канищева А С,460137972,4758,40836,3,0,0,3480,46,2748,2692,4,501,0,micro seller,year 2024
136,ИП Каримбердиев,177624274,2679,28864,1,0,0,2870,5,2700,2646,0,489,0,micro seller,year 2024
137,ИП Каримов Р Ж,484510533,57967,270079,53,0,0,7400,142,2130,2086,5,368,0,small business,year 2024
138,ИП Карлыгаш,2159255346,1084273,2474452,915,122,114,87839,792,13432,13158,838,3253,0,mid business,year 2024
139,ИП Ким,2523697721,2210114,10653072,1018,160,24,20693,318,14335,14043,1875,1700,0,mid business,year 2024
140,ИП Кисслер К,340811111,2206,86187,2,0,0,6000,129,2087,0,3,1094,0,micro seller,year 2024
141,ИП Ковальчук Анастасия Александровна,4633514649,3568164,8737237,2622,143,358,108754,1757,57128,55968,2577,27827,0,mid business,year 2024
142,ИП Когай,261110521,950,345800,1,0,0,1800,58,751,735,5,44,0,micro seller,year 2024
143,ИП Коншина Карина Владимировна,1182770141,590680,7078664,347,814,372,17300,204,8399,8230,2625,98,1288,mid business,year 2024
144,ИП Корнев А В,152767312,1594,51298,1,0,0,2628,46,1400,1372,0,248,0,micro seller,year 2024
145,ИП Коростин В О,1385207995,8721,819772,22,0,0,5656,125,3727,3651,91,431,0,micro seller,year 2024
146,ИП Косметиста,2793205769,862683,7583828,751,36,39,33615,659,15064,14756,343,3080,0,mid business,year 2024
147,ИП Костров А С,1032554403,742850,2591708,556,245,260,9250,258,3226,3159,156,348,250,mid business,year 2024
148,ИП Кузьмин Н А,214930316,473,606,1,3,480,969,51,472,462,1,328,0,micro seller,year 2024
149,ИП Куртымов Д С,1296055862,82337,2426193,45,0,0,10880,222,5869,5750,254,713,0,small business,year 2024
150,ИП Кучумов А К,217671987,9385,276075,7,0,0,1700,28,1224,1199,23,317,0,micro seller,year 2024
151,ИП Кучумова Г Г,217671951,13216,147579,11,0,0,2000,35,1296,1270,13,317,0,small business,year 2024
152,ИП ЛИ Ю В,387779008,97729,120200,74,0,0,3500,56,2520,2469,17,831,0,small business,year 2024
153,ИП Ландик Г А,748752429,100298,211217,92,22,105,5000,77,3640,3566,109,503,0,small business,year 2024
154,ИП Лесбеков,217222205,996,4430,1,0,0,2000,45,1082,0,1,319,0,micro seller,year 2024
155,ИП Лигай Л Г,1719825272,151506,932486,115,26,40,21794,389,7617,7462,49,431,150,small business,year 2024
156,ИП Липчак М С,1441768253,523190,2519309,406,145,717,13990,242,8372,8202,275,1382,0,mid business,year 2024
157,ИП Литвиненко А Д,1372429238,19701,388277,53,54,1171,8482,228,4504,4412,23,439,0,small business,year 2024
158,ИП Лузан Г П,285909949,1604,63447,5,0,0,430,23,328,321,5,46,0,micro seller,year 2024
159,ИП Лыков А В,522781625,94420,255916,97,59,101,4500,112,2003,1962,220,256,0,small business,year 2024
160,ИП Магомедов С А,496354775,10424,113988,8,1,8,4200,52,3115,3052,4,377,0,small business,year 2024
161,ИП Магомедова С И,217834420,3980,4466,2,0,0,5000,74,1260,1234,0,315,0,micro seller,year 2024
162,ИП Магомедова Т М,220866292,1107,43788,1,0,0,1400,33,934,0,1,305,0,micro seller,year 2024
163,ИП Мадышанов,277204460,2075,376612,2,0,0,1500,33,993,973,2,87,0,micro seller,year 2024
164,ИП Маметова,606463034,5080,1849120,2,0,0,6400,10,6020,5898,5,88,0,micro seller,year 2024
165,ИП Маратович,264153718,19930,125559,16,0,0,7000,82,1243,1218,2,112,0,small business,year 2024
166,ИП Мари,752730395,3657574,21992448,1900,488,26,9380,90,6576,6443,330,540,0,mid business,year 2024
167,ИП Мери,231988435,10574,9633,7,4,109,2170,38,1329,1302,3,255,0,small business,year 2024
168,ИП Мирзамагомедова У Г,225046681,1394,100368,1,0,0,2400,70,708,693,4,286,0,micro seller,year 2024
169,ИП Мирзоева Т Б,299552364,1415,72367,1,0,0,1900,38,1176,1152,0,50,0,micro seller,year 2024
170,ИП Мирохин Евгений Антонович,890510946,6178,148509,18,1,0,2432,163,1428,1207,48,1085,0,micro seller,year 2024
171,ИП Морозова Е А,731607163,34920,31812,28,23,1022,8000,148,3951,3871,188,570,0,small business,year 2024
172,ИП Муртазалиев И С,7249026898,413476,6335451,319,4,18,73712,689,55513,54215,682,6407,300,mid business,year 2024
173,ИП Мус,227340278,2218,60057,2,0,0,1520,45,831,814,2,277,0,micro seller,year 2024
174,ИП Назар,1356576765,70339,697260,40,1,20,33350,418,12886,12625,71,2948,0,small business,year 2024
175,ИП Нуридинова З Н,1009127060,8665,489402,5,0,0,18800,253,6833,6694,4,673,0,micro seller,year 2024
176,ИП Объедкова,1300798498,673584,4377766,1451,476,335,11460,181,7175,5641,100,1126,928,mid business,year 2024
177,ИП Олизко Е Б,1727233017,2388766,2085313,3379,368,1204,19124,391,10512,10297,1502,4044,0,mid business,year 2024
178,ИП Омарова,779407482,12587,243365,9,2,10,11000,169,4567,4474,267,425,0,small business,year 2024
179,ИП Орусхановна,528547809,13208,394954,16,0,0,2700,80,1635,1602,12,251,0,small business,year 2024
180,ИП Павловский В Ю,1696245521,275245,559833,199,5,48,28770,440,14451,14157,606,4076,0,mid business,year 2024
181,ИП Попов О А,238462558,311842,873807,256,0,0,3000,64,1080,1058,440,218,0,mid business,year 2024
182,ИП Порхало Ю В,859663053,12220,804980,7,0,0,14526,189,5302,5195,3,174,0,small business,year 2024
183,ИП Рабаданов М З,917773024,8279,512107,5,0,0,11100,119,7826,7668,6,1139,0,micro seller,year 2024
184,ИП Рашидов М К,4653542680,127523,2355975,93,1,48,86100,1210,34508,32554,517,7545,0,small business,year 2024
185,ИП Роман,6352030880,1131572,21865333,837,5,14,53147,818,34771,34064,6671,3188,629,mid business,year 2024
186,ИП Рума,2360587952,43925,2911981,34,1,3,24750,433,13690,13411,218,2494,0,small business,year 2024
187,ИП Рыбалко А Б,2152987746,362493,24808596,600,39,162,18774,408,10126,9919,211,1974,0,mid business,year 2024
188,ИП Рычагов,547518521,54466,368515,53,3,6,6480,133,2181,2136,6,92,0,small business,year 2024
189,ИП Садуакас,537170550,6585,592800,4,0,0,4199,39,3351,3283,1482,285,0,micro seller,year 2024
190,ИП Салихов А С,3453218684,298578,2895785,226,0,0,32767,597,20472,16042,700,5191,0,mid business,year 2024
191,ИП Салихова К А,868641166,7460,248644,6,0,0,7830,167,4543,1789,6,1275,0,micro seller,year 2024
192,ИП Седова Т Н,3818188819,1765902,33731291,1125,1164,2365,35360,515,22233,21782,440,1401,1046,mid business,year 2024
193,ИП Селимханов Т Т,244633606,1355,122289,1,0,0,1800,27,1300,1274,1,197,0,micro seller,year 2024
194,ИП Сембекова,224349754,717,1799,1,0,0,1340,60,535,524,0,288,0,micro seller,year 2024
195,ИП Сервис Плюс,2090325389,696976,7751143,554,354,32,20810,386,10275,10065,493,1129,0,mid business,year 2024
196,ИП Серманизова,189893363,1911,346846,1,0,0,7000,28,5040,4939,0,439,0,micro seller,year 2024
197,ИП Сорокин Александр Игоревич,5608321393,9426939,24203296,6660,1582,872,68194,1107,34998,34286,3967,5397,8471,big business,year 2024
198,ИП Студилко А А,1756926613,3324,796148,11,0,0,2480,115,1992,1949,92,369,0,micro seller,year 2024
199,ИП Сухарина А С,2410412548,3521569,14588225,2837,1725,495,32500,522,13317,13046,7143,786,7924,mid business,year 2024
200,ИП Талдонов В А,173388929,1163,25368,1,0,0,1558,35,1009,988,0,530,0,micro seller,year 2024
201,ИП Трофимов А С,176884953,1033,376012,1,0,0,2800,71,786,770,3,485,0,micro seller,year 2024
202,ИП Ульянкызы,142345786,95693,141912,92,0,0,5000,69,1512,1481,71,723,0,small business,year 2024
203,ИП Умиралиева,271329618,1524,554736,1,0,0,2100,25,1560,1528,1,104,0,micro seller,year 2024
204,ИП Усукеева,802017352,3373135,17824629,1652,132,49,8800,71,6789,6652,262,343,0,mid business,year 2024
205,ИП Халикова Р К,999534206,20191,957129,13,1,91,12396,204,5754,5637,21,702,0,small business,year 2024
206,ИП Цой О,283001644,2645,480068,2,0,0,3000,52,1411,1382,6,76,0,micro seller,year 2024
207,ИП Цыба Алексей Игоревич,936611811,2963638,3568830,2148,442,308,11632,205,5367,5258,3990,1031,0,mid business,year 2024
208,ИП Черникова Р В,571483566,588,54600,2,0,0,840,56,602,589,1,142,0,micro seller,year 2024
209,ИП Чупанов М М,2856785592,209278,3664364,157,2,2,25800,524,16233,15901,809,5293,0,small business,year 2024
210,ИП Шайх Заде С А,829077149,19477,2319842,8,1,2,11600,60,9576,9383,26,395,0,small business,year 2024
211,ИП Шанкозова,482364561,188864,366667,157,85,131,7406,131,2532,2480,22,406,0,small business,year 2024
212,ИП Шапиева Н Н,212189544,1836,37584,1,0,0,5990,47,3119,3056,2,339,0,micro seller,year 2024
213,ИП Широкородов В И,3044708034,1066510,8635832,915,495,1054,37925,889,13901,13616,826,4193,800,mid business,year 2024
214,ИП Шкуров И А,2962390459,244859,840768,183,101,813,45300,730,15168,14860,49,1117,350,small business,year 2024
215,ИП Эсманов Илья Петрович,2412462839,4795063,3727211,3713,708,685,60658,970,18366,17993,1145,7598,877,mid business,year 2024
216,ИП Янишевский,176326453,699,18927,1,0,0,1500,54,680,666,10,506,0,micro seller,year 2024
217,Ислам Запирович Раджабов,219301554,1869,38260,1,0,0,2499,26,1826,1789,1,311,0,micro seller,year 2024
218,К.а.а,4976904676,256685,3590283,144,1,2,48200,336,40488,39668,2420,4996,0,mid business,year 2024
219,Красота Залог Успеха,235306570,1421,45730,1,0,0,3900,69,1179,1155,0,240,0,micro seller,year 2024
220,Кучумов Казиахмед Аличубанович,475844252,8177,249330,6,0,0,3950,50,2954,2894,19,465,0,micro seller,year 2024
221,Лили,1155289835,82615,4715341,48,119,0,16649,115,11733,11496,59,274,222,small business,year 2024
222,Лучший Магазин,298109995,4536,1651104,1,0,0,3200,5,3010,2949,3,53,0,micro seller,year 2024
223,Магомедов Магомед Гаджимурадович,1322581137,13578,158094,8,0,0,15900,146,12095,11842,4,1838,0,small business,year 2024
224,Магомедова Саида Магомедовна,1532445030,39840,744066,26,0,0,19000,386,8500,8252,29,2188,0,small business,year 2024
225,Меджидов,8046158184,1271209,8233331,783,17,32,97400,1034,70791,69358,3602,13233,388,mid business,year 2024
226,Мутаев Арсланбек Магомедрасулович,231849684,2436,56840,2,0,0,2200,45,1203,1178,2,255,0,micro seller,year 2024
227,НМ,239800391,1040,378560,1,0,0,1550,39,937,918,3,213,0,micro seller,year 2024
228,Нагметова Айна Абдужелиловна,217830990,788,40301,1,0,0,1100,48,570,558,0,317,0,micro seller,year 2024
229,Нуридинова Х.н.,503261785,6649,637763,3,0,0,11600,127,4181,4097,4,341,0,micro seller,year 2024
230,ООО Амрус,9335712731,7868677,61581427,3924,866,523,180086,2097,85238,83513,3288,8904,0,big business,year 2024
231,ООО Бьюти Стар,1432601000,8581,407976,6,0,0,15581,240,9434,9243,3,1408,0,micro seller,year 2024
232,ООО ДТС,3868764406,327196,7226536,268,2,9,49880,846,32979,32304,5065,17778,0,mid business,year 2024
233,ООО Джапандоставка,224664019,3417,174755,2,0,0,2793,37,1759,1723,0,284,0,micro seller,year 2024
234,ООО Зеффиро,730510359,547129,860711,401,0,0,58348,410,39490,38692,469,14647,0,mid business,year 2024
235,ООО ИК ДЖИ ЭЙ Групп,819637888,9748,165724,7,2,66,5306,105,3436,3366,1,96,0,micro seller,year 2024
236,ООО КО Экспо,4170122619,8389509,52308200,5052,1017,375,108922,1304,31947,31298,2170,4981,1190,big business,year 2024
237,ООО Корекс,725045165,310480,1111498,278,0,0,14000,181,5496,5385,53,627,0,mid business,year 2024
238,ООО Космос Груп,5358575270,11431163,16700959,9460,249,732,91750,1858,43127,42246,3218,23392,440,big business,year 2024
239,ООО Крем ШОП,2923671649,52578,2633086,36,0,0,31253,555,13716,13437,74,606,0,small business,year 2024
240,ООО Куоре,590048192,48162,7409,62,56,839,2982,84,2146,2102,31,1295,0,small business,year 2024
241,ООО Лайм,1781584348,296397,2690769,246,296,3127,25198,425,7279,7130,683,270,0,mid business,year 2024
242,ООО Сдэк Южный Урал,2649520341,12986223,8482019,8662,3755,5923,77108,862,15686,15368,4963,2641,750,big business,year 2024
243,ООО Табер Трейд,1397715674,1332113,623873,761,206,694,38190,508,20245,19835,352,6238,138,mid business,year 2024
244,ООО Юмаркет,292020299,1367,7236,1,2,116,1954,28,1406,1377,0,60,0,micro seller,year 2024
245,Османов Магомед Абдулазизович,267409230,1269,114527,1,0,0,2500,55,1116,1093,0,114,0,micro seller,year 2024
246,Осоо Корея Глобал,4850811983,3691663,58648472,2880,2068,1379,59440,1147,21579,21139,755,1895,0,mid business,year 2024
247,Рамазанов Рамазан Меджидович,2392172684,41633,982789,39,1,23,23100,484,13710,13431,93,4782,0,small business,year 2024
248,Рамазанова Эльзира Магомедовна,977631242,12586,211944,12,0,0,9650,199,5721,5605,32,2065,0,small business,year 2024
249,Расул,196724554,3555,35765,1,0,0,4500,26,3330,3263,1,411,0,micro seller,year 2024
250,Риска,18039846157,8386119,30923341,4398,939,769,280676,1616,225298,220817,9940,25425,837,big business,year 2024
251,СГЮ,1760119051,76619,1409062,61,0,0,18100,391,10191,9982,136,3744,0,small business,year 2024
252,Северное Сияние,4485395237,196538,4804770,168,1,4,42200,807,26956,26406,733,8272,0,small business,year 2024
253,Сулейманов Заур Алигусейнович,178432021,5253,30923,6,0,0,1500,37,932,913,7,485,0,micro seller,year 2024
254,ТОО I Like Skincare,1201054290,100291,2214902,72,154,286,13152,214,5848,5729,245,195,0,small business,year 2024
255,ТОО Koreacom,1413186050,173263,2166999,138,0,0,16000,336,6837,6697,651,1438,0,small business,year 2024
256,ТОО Компания ЛВВ,1836744538,5370205,17510089,2602,75,381,22920,340,11775,11536,587,980,300,big business,year 2024
257,Тамерлан,1072638266,7167,112504,5,0,0,8600,144,5476,5364,0,468,0,micro seller,year 2024
258,Татьяна М.м.,291878369,4476,228915,3,0,0,1900,18,1548,1517,0,63,0,micro seller,year 2024
259,УСБ,636764754,98798,961889,61,0,0,8250,102,5242,5136,199,1023,0,small business,year 2024
260,Устарханов Муслимбек Батырович,640747941,36340,560337,42,0,0,4900,119,2932,2873,123,1002,0,small business,year 2024
261,Шехмирзаева Аминат Ахмедовна,177134320,3429,28663,3,0,0,2250,24,1701,1666,3,502,0,micro seller,year 2024
262,Эльдар,240152788,1389,18110,1,0,0,2600,48,1347,0,0,215,0,micro seller,year 2024
0,Aleum,272172178,215988,23999,175,212,33,3500,55,1543,1543,30,39,0,mid business,november
1,Alexandra,232158747,2130,29820,2,0,0,2000,51,966,966,3,194,0,micro seller,november
2,B.m.r.oneclick,178781285,2270,0,2,0,0,1900,44,1048,1048,11,431,0,micro seller,november
3,Beautyko,784543529,260259,926649,165,64,77,12929,203,4118,4118,26,208,150,mid business,november
4,Beisen,1416543668,46024,338971,33,1,1,13100,213,8198,8198,741,1068,0,mid business,november
5,Brave Beauty,239892525,949,27521,1,0,0,1648,44,909,909,105,152,0,mid business,november
6,Firmach,3758787430,193066,407291,144,19,75,44600,434,34657,34657,2260,6475,0,mid business,november
7,Flatrent,1239024531,694191,299548,540,166,76,19850,285,5874,5874,474,619,427,mid business,november
8,Gitinov Kh. I.,254651436,3239,45346,2,0,0,1950,19,1579,1579,35,100,0,small business,november
9,Hottie Cosmetics,1047632328,70278,142602,85,0,0,5450,165,3157,3157,34,268,500,mid business,november
10,Korea Love,264912851,1375,5500,1,0,0,3808,64,1359,1359,1,62,0,micro seller,november
11,Korea Mood,259226670,22685,0,27,203,436,7500,37,6187,6187,1314,1504,0,mid business,november
12,Lifecosm,8942188257,25752622,12866812,19442,2803,233,194393,2814,51309,51309,52033,9420,5559,top seller,november
13,Live,454006638,3153,15765,3,0,0,3800,97,1930,1930,3,445,0,small business,november
14,M.i.m Showroom,772196831,59817,25609,55,3,1,7500,106,4778,4778,15,273,0,small business,november
15,MD Shop,3873477795,3725766,1018776,3079,488,82,34610,797,17271,17271,4965,2211,2048,big business,november
16,Miss Beauty,243333848,1222,35438,1,0,0,2000,28,1425,1425,3,143,0,micro seller,november
17,Sammi Shop,214652356,4609,922,3,0,0,2700,35,1749,1749,14,269,0,small business,november
18,Tenderness,822563825,615942,73710,435,187,60,11000,202,3633,3633,427,96,625,mid business,november
19,Topface,180716198,1078,392,1,0,0,1800,40,1078,1078,6,419,0,small business,november
20,Verovika,528253200,1994,45871,2,0,0,4660,108,1994,1994,154,122,0,small business,november
21,Yolo,1823781610,385449,385298,300,650,422,26950,520,9314,9314,874,1524,500,big business,november
22,Zdanie,798125283,7886,91334,6,0,0,8600,165,4890,4890,303,1370,0,small business,november
23,Zima,177896662,1341,38889,1,0,0,2400,44,1341,1341,3,436,0,small business,november
24,Алигаджиева,732516740,18594,73885,11,2,3,6700,80,4881,4881,64,417,0,small business,november
25,Алимирзаев Гасан Мухтарович,495616887,6241,32972,5,1,5,6000,96,3028,3028,41,250,0,small business,november
26,Алимирзаева Минара Мухтаровна,1099738461,8686,76058,8,1,3,11800,242,5643,5643,339,1235,0,small business,november
27,Бахтиярова Имара Курбановна,263105753,987,0,1,0,0,1500,34,987,987,362,70,0,small business,november
28,Бикиев Омурбек,264765281,1069,6948,1,1,4,6000,55,2700,2700,0,62,0,micro seller,november
29,Бота,639286876,14116,118378,4,7,135,15000,109,9528,9528,9,832,0,small business,november
30,Есболганова,443864810,1155,1794,2,0,0,5800,91,3515,3515,4,480,0,small business,november
31,ИП Abc,5509645066,620901,657380,495,779,2381,66910,1279,30997,30997,6025,5026,0,mid business,november
32,ИП I Like,1314196176,453823,276425,372,110,485,13762,270,5961,5961,52,362,255,mid business,november
33,ИП Ksc,3994010442,849184,209602,674,615,2151,63053,1111,23417,23417,2909,4220,0,mid business,november
34,ИП Matakana,528060201,30174,23300,25,13,65,6642,130,2291,2291,1,130,0,small business,november
35,ИП Yergeshpayev,1036289499,20445,30394,16,50,163,8330,157,4973,4973,1650,339,500,mid business,november
36,ИП АН А А,1238714157,11315,113514,11,1,3,9729,179,6224,6224,186,636,0,small business,november
37,ИП Абдигали,476198635,5494,46091,4,97,388,10000,145,2716,2716,572,334,100,mid business,november
38,ИП Абрамов Антон Владимирович,513368588,46793,0,36,327,630,4200,76,2578,2578,2,173,0,small business,november
39,ИП Абрамова О П,3824116967,2717373,218816,2313,1102,1241,27720,556,18571,18571,2812,5005,0,big business,november
40,ИП Абубакиров,1244100473,42835,115217,20,74,268,19000,284,7998,7998,18,578,441,mid business,november
41,ИП Алиев А М,219676039,1704,23856,1,0,0,2100,33,1394,1394,0,249,0,micro seller,november
42,ИП Алиева З А,647263471,3548,63317,3,0,0,5850,123,3422,3422,98,789,0,small business,november
43,ИП Алиева З З,235235288,1158,10422,1,0,0,2750,31,1893,1893,1,179,0,small business,november
44,ИП Алхайров,238688252,3656,18280,3,0,0,5000,74,1291,1291,2,164,0,small business,november
45,ИП Алхайрова,233471365,4053,26344,3,1,1,2500,50,1235,1235,112,187,0,small business,november
46,ИП Андрей Ким,751015822,4297,63338,4,0,0,5651,103,3682,3682,27,330,0,small business,november
47,ИП Ахмедов А М,1388820244,8747,85249,7,2,33,29800,445,7469,7469,224,1185,0,small business,november
48,ИП Ахмедова,570280258,3200,2070,3,0,0,6200,117,3789,3789,21,1134,0,small business,november
49,ИП Ачкасов Максим Геннадьевич,226679324,43108,0,52,139,80,3000,73,786,786,63,214,0,mid business,november
50,ИП Байсейтова,230732299,1290,2580,1,1,10,6000,72,1652,1652,6,200,0,small business,november
51,ИП Борисенко Елена Владимировна,3267324299,1551644,947691,1081,231,226,54939,902,29870,29870,1084,11829,1502,big business,november
52,ИП Борисова Елена Николаевна,236554287,1780,11570,1,0,0,4486,60,1780,1780,6,175,0,small business,november
53,ИП Ботов Н В,2487168440,1405363,1289435,1086,250,59,36114,696,14987,14987,704,3627,914,big business,november
54,ИП Бурянина М А,785854657,89916,7726,71,44,76,14566,266,4671,4671,137,1405,0,small business,november
55,ИП Власов С В,2332643517,147010,275403,143,249,331,33435,662,12619,12619,920,2775,750,mid business,november
56,ИП Гаджиев М Х,230348054,18889,8095,13,0,0,1900,19,1539,1539,38,201,0,small business,november
57,ИП Гуревич Евгений Семенович,33005343,29861,6541,28,1,4,7490,136,2313,2313,94,2798,0,small business,november
58,ИП Ермакова М М,226495852,707,303,1,0,0,1047,20,831,831,1,219,0,micro seller,november
59,ИП Женишбекова А Ж,2103284346,1837128,2505933,1382,458,123,20265,381,10542,10542,1220,461,732,big business,november
60,ИП Ивкин Данил Александрович,468625488,63253,1659,58,71,144,5600,127,3100,3100,163,1611,200,mid business,november
61,ИП Ильясова П М,1837948589,193969,209438,171,36,17,19850,174,15720,15720,393,1628,755,mid business,november
62,ИП Камбаралиев,1658156225,59216,39478,42,52,654,30338,432,8470,8470,143,103,745,mid business,november
63,ИП Карлыгаш,1046112062,230631,42740,201,173,165,56944,402,6735,6735,801,1486,0,mid business,november
64,ИП Ким,2031512016,454537,238233,219,59,91,16105,261,10849,10849,1198,830,0,mid business,november
65,ИП Ковальчук Анастасия Александровна,1879956342,168095,169907,134,139,477,41271,776,22012,22012,1127,12762,353,mid business,november
66,ИП Коростин В О,828885271,1897,17667,4,0,0,2458,70,1644,1644,8,85,0,micro seller,november
67,ИП Косметиста,1090026366,18390,45447,16,48,365,14401,271,6542,6542,185,1275,0,mid business,november
68,ИП Костров А С,1032554403,52458,3747,52,513,1080,10030,260,3458,3458,84,108,1100,mid business,november
69,ИП Куртымов Д С,1049369481,10364,300556,7,0,0,8880,144,5877,5877,70,288,0,small business,november
70,ИП Кучумов А К,217671987,1363,39527,1,0,0,1700,19,1377,1377,20,257,0,micro seller,november
71,ИП Кучумова Г Г,217671951,1074,3529,1,0,0,1700,19,1377,1377,8,257,0,small business,november
72,ИП Ландик Г А,498779747,10407,3050,13,1,24,4018,51,2878,2878,47,222,376,small business,november
73,ИП Лигай Л Г,808440885,70938,0,50,30,57,11760,208,3548,3548,1,147,0,small business,november
74,ИП Липчак М С,907686582,113219,31092,108,89,94,7590,162,4520,4520,258,817,250,mid business,november
75,ИП Литвиненко А Д,271604974,279,319,1,48,672,470,40,279,279,0,13,0,small business,november
76,ИП Лыков А В,522781625,20588,10345,20,23,172,4300,118,1756,1756,152,136,0,small business,november
77,ИП Магомедов С А,496354775,2585,41178,2,0,0,4200,58,2996,2996,4,257,0,small business,november
78,ИП Маратович,264153718,16885,1206,14,0,0,7000,83,1176,1176,1,52,0,small business,november
79,ИП Мари,530832143,250730,377259,157,91,10,5180,73,3243,3243,30,120,0,mid business,november
80,ИП Мирохин Евгений Антонович,445254720,1050,5815,3,1,6,1268,88,700,700,43,454,0,micro seller,november
81,ИП Морозова Е А,243868923,1533,0,1,3,90,3000,51,1470,1470,88,130,0,small business,november
82,ИП Муртазалиев И С,3143757544,158188,160862,125,3,26,27300,343,19903,19903,549,1985,300,mid business,november
83,ИП Мус,227340278,972,8748,1,0,0,1520,35,984,984,2,217,0,micro seller,november
84,ИП Назар,402856017,6908,4277,4,0,0,6250,110,2784,2784,18,656,0,small business,november
85,ИП Объедкова,266018448,327,9483,1,0,0,700,57,297,297,0,58,350,mid business,november
86,ИП Олизко Е Б,754112034,94274,4871,197,326,670,7308,209,4172,4172,1484,2789,0,mid business,november
87,ИП Омарова,260919270,1224,3366,1,1,8,3000,58,1239,1239,18,78,0,small business,november
88,ИП Орусхановна,528547809,3590,19095,5,0,0,2700,86,1542,1542,25,131,0,small business,november
89,ИП Павловский В Ю,828893836,41170,14836,30,9,34,13970,232,5834,5834,161,1216,0,mid business,november
90,ИП Рабаданов М З,207312062,2216,7281,2,0,0,1850,27,1348,1348,4,301,0,micro seller,november
91,ИП Рашидов М К,1770508163,13768,75966,11,1,2,31700,527,10213,10213,162,1919,0,small business,november
92,ИП Роман,2236141457,26633,251797,22,0,0,18686,305,12022,12022,4406,1058,0,mid business,november
93,ИП Рыбалко А Б,574229370,15275,2545,25,48,290,4439,146,2142,2142,118,1026,0,mid business,november
94,ИП Садуакас,236183413,1813,659,1,1,22,1999,20,1586,1586,424,176,0,micro seller,november
95,ИП Салихов А С,669025441,19430,102836,13,1,2,6019,84,4301,4301,273,707,0,mid business,november
96,ИП Салихова К А,240690926,2196,4392,2,0,0,1760,38,1083,1083,1,156,0,micro seller,november
97,ИП Седова Т Н,2915399742,262411,236633,201,369,1640,28190,413,17321,17321,79,618,0,mid business,november
98,ИП Сембекова,224349754,717,1076,1,0,0,1340,51,656,656,0,228,0,micro seller,november
99,ИП Сервис Плюс,239930690,1001,29029,1,0,0,2400,58,993,993,23,157,0,mid business,november
100,ИП Сорокин Александр Игоревич,5218686318,2242906,697103,1648,1379,1800,55918,1010,27037,27037,4536,1745,6801,big business,november
101,ИП Сухарина А С,1494600312,1202241,521372,979,733,229,18000,355,7261,7261,3588,381,1034,mid business,november
102,ИП Усукеева,532081532,396349,178736,225,22,7,4800,47,3667,3667,60,116,0,mid business,november
103,ИП Халикова Р К,249545364,3868,12709,3,0,0,1999,34,1311,1311,3,117,0,small business,november
104,ИП Цыба Алексей Игоревич,653107120,499223,4013,424,196,144,8351,157,3705,3705,1709,791,0,mid business,november
105,ИП Чупанов М М,608363987,26223,138105,20,2,1,6700,109,4244,4244,278,965,0,small business,november
106,ИП Шанкозова,482364561,42428,16970,36,16,100,7406,136,2324,2324,15,286,0,small business,november
107,ИП Широкородов В И,1966565233,26763,342331,27,0,0,26514,593,8919,8919,519,2171,0,mid business,november
108,ИП Шкуров И А,249273657,6689,33445,5,0,0,4000,66,1352,1352,2,96,0,small business,november
109,ИП Эсманов Илья Петрович,1553791802,476930,74752,374,478,683,42781,741,10820,10820,996,5603,646,mid business,november
110,К.а.а,1377862860,14326,157691,8,2,33,13250,114,10732,10732,566,1243,0,mid business,november
111,Кучумов Казиахмед Аличубанович,217671888,5335,14671,4,0,0,1850,26,1363,1363,14,257,0,micro seller,november
112,Лили,562585970,3806,110374,2,0,0,4400,38,3564,3564,6,41,152,small business,november
113,Магомедова Саида Магомедовна,219091916,950,633,1,0,0,2200,60,880,880,1,252,0,small business,november
114,Меджидов,3379119544,121127,309723,65,22,98,34900,461,24730,24730,1995,4566,850,mid business,november
115,Мутаев Арсланбек Магомедрасулович,231849684,2436,8004,2,0,0,2200,47,1158,1158,2,195,0,micro seller,november
116,Нуридинова Х.н.,251630892,2459,176,1,0,0,6900,64,2459,2459,0,111,0,micro seller,november
117,ООО Амрус,4291703983,764872,593582,450,246,526,67596,983,32319,32319,791,3743,0,big business,november
118,ООО ДТС,1602128412,28237,312438,28,2,3,19810,419,12536,12536,2352,8183,0,mid business,november
119,ООО Зеффиро,211831548,19472,13420,11,1,15,17119,204,8387,8387,303,4240,0,mid business,november
120,ООО КО Экспо,4170122619,2152617,1143439,1519,351,383,103147,1325,28676,28676,888,3841,424,big business,november
121,ООО Корекс,241678222,5408,156832,5,0,0,4000,65,1400,1400,7,149,0,mid business,november
122,ООО Космос Груп,4167283114,1909073,535025,1561,1380,3015,75610,1579,33438,33438,2552,17881,3755,big business,november
123,ООО Куоре,447415834,1450,0,3,15,330,1436,65,969,969,6,442,0,small business,november
124,ООО Сдэк Южный Урал,1307949947,1675594,0,1088,1407,543,48205,501,7788,7788,2842,1566,0,big business,november
125,ООО Табер Трейд,611941827,72394,200,41,176,1568,14594,220,8301,8301,136,2882,101,mid business,november
126,Осоо Корея Глобал,3137672471,239856,203666,199,114,1839,38840,780,13397,13397,91,797,0,mid business,november
127,Рамазанов Рамазан Меджидович,797392679,7361,31768,7,4,60,7400,178,4062,4062,42,1354,0,small business,november
128,Рамазанова Эльзира Магомедовна,195527087,1324,4350,1,0,0,1900,35,1231,1231,2,353,0,small business,november
129,Риска,6256103811,1606059,584290,1052,393,345,90790,599,71860,71860,5261,6529,400,big business,november
130,СГЮ,391136003,8500,49089,7,0,0,4000,70,2592,2592,94,712,0,small business,november
131,Северное Сияние,1900767970,18889,268578,16,2,8,17400,368,10255,10255,382,2558,0,small business,november
132,ТОО Koreacom,714389857,7092,74283,6,0,0,9000,184,3397,3397,243,503,100,small business,november
133,ТОО Компания ЛВВ,1277193007,1724972,1028952,871,122,144,15560,260,7417,7417,200,482,300,big business,november
134,УСБ,636764754,14998,45250,10,0,0,8250,127,4765,4765,150,843,300,small business,november
135,Устарханов Муслимбек Батырович,427737620,7180,25957,8,0,0,3650,108,1666,1666,67,545,0,small business,november
0,Aleum,272172178,257754,0,178,44,8,3500,60,1398,1370,41,70,0,mid business,december
1,Alexandra,245776541,1046,3586,1,1,7,2250,53,1057,1035,3,137,0,micro seller,december
2,B.m.r.oneclick,265012428,1231,0,1,0,0,1900,35,1231,1206,2,92,0,micro seller,december
3,Beautyko,784543529,183265,68721,141,17,6,13042,203,4131,4047,37,301,0,mid business,december
4,Beisen,1880719080,36406,201347,27,3,27,17000,272,11007,10783,862,1705,0,mid business,december
5,Brave Beauty,239892525,975,29250,1,0,0,1648,40,975,955,131,183,0,mid business,december
6,Firmach,3339522884,78007,206393,54,11,57,41100,428,30515,29896,2606,6445,0,mid business,december
7,Flatrent,1486151078,339840,150042,259,220,117,18800,320,6965,6823,738,932,276,mid business,december
8,Gitinov Kh. I.,522257732,7987,74849,5,0,0,4050,42,3194,3129,48,215,0,small business,december
9,Hottie Cosmetics,3425389549,488325,752761,408,161,160,20450,417,13309,13038,348,1307,0,mid business,december
10,Korbutik,202619195,1032,301,1,0,0,1700,39,1032,1011,2,347,0,micro seller,december
11,Korea Love,264912851,1202,36060,1,0,0,3808,18,3118,3055,1,93,0,micro seller,december
12,Korea Mood,259226670,4583,0,2,207,6417,7500,52,5550,5439,1334,1566,0,mid business,december
13,Kukku,292952139,4800,32400,3,0,0,2600,34,1705,1670,6,33,0,micro seller,december
14,Kuzanov Store,512401354,1790,30881,2,0,0,2600,61,1790,1753,22,252,0,micro seller,december
15,Life Style,481761328,2407,1031,2,0,0,5500,77,3379,3310,4,371,0,micro seller,december
16,Lifecosm,9532675739,42475089,6518765,27845,28611,1472,203949,2745,63434,62146,58055,10687,16344,top seller,december
17,Live,719728225,3118,13528,3,0,0,5500,110,3462,3391,9,596,0,small business,december
18,Live 26,264887722,1110,33300,1,0,0,2000,29,1404,1375,1,93,0,micro seller,december
19,M.i.m Showroom,1012760186,62485,96942,49,3,2,9500,147,5961,5840,36,553,138,small business,december
20,MD Shop,3873477795,3923399,922859,3244,2175,190,34610,746,18383,18007,5443,2707,2709,big business,december
21,Magishop,264496446,1224,5100,1,0,0,2330,19,1887,1849,0,95,0,micro seller,december
22,Seol,798388201,11839,180330,9,0,0,8500,164,3776,3700,98,273,0,small business,december
23,Tenderness,822563825,408255,85942,310,111,25,11000,187,4156,4071,674,189,719,mid business,december
24,Topface,180715253,1210,8168,1,0,0,2300,21,1807,1770,13,450,0,small business,december
25,Verovika,2450069216,15889,156969,14,0,0,23300,512,9543,9347,544,664,0,small business,december
26,Yolo,1870404003,1120362,212344,853,806,471,27700,504,10248,10040,848,1605,0,big business,december
27,Zdanie,714763537,4407,34268,5,1,2,5750,134,3738,3661,263,1848,0,small business,december
28,Zima,726097693,3081,16613,3,1,10,6000,144,3080,3017,8,540,0,small business,december
29,Алигаджиева,1024863070,16590,84900,10,1,2,9000,124,6195,6069,44,541,150,small business,december
30,Алимирзаев Гасан Мухтарович,251716956,1814,0,1,1,31,4000,54,1814,1777,34,141,0,small business,december
31,Алимирзаева Минара Мухтаровна,1100169567,8130,17189,7,0,0,10600,227,5736,5620,170,1388,0,small business,december
32,Балашова Мадина Бейбитовна,267671580,2044,1916,1,1,16,4000,58,1657,1623,0,84,0,micro seller,december
33,Бота,621152461,8410,32658,3,1,31,15000,99,9912,9711,9,970,0,small business,december
34,Гасанов Шамиль Магомаевич,743802392,6506,98103,5,0,0,6200,113,3860,3782,333,530,0,small business,december
35,Есболганова,221931630,812,0,1,0,0,3800,81,703,688,2,271,0,small business,december
36,ИП,230031209,2752,3810,2,0,0,2500,47,1316,1289,5,232,0,micro seller,december
37,ИП Abc,5638448738,672869,1147395,529,462,1267,66410,1328,29235,28638,5888,5296,0,mid business,december
38,ИП B Stars,269722625,2462,0,2,8,124,3760,66,1252,1226,0,56,0,small business,december
39,ИП I Like,3612956108,783204,690800,566,593,2831,38543,635,19138,18750,612,925,0,mid business,december
40,ИП Ksc,5394847747,717055,668722,537,549,1387,76450,1404,28476,27895,3796,5060,172,mid business,december
41,ИП Yergeshpayev,1593606394,142776,19956,107,66,594,12030,205,7812,7652,2531,599,0,mid business,december
42,ИП АН А А,1488827905,11944,75488,11,0,0,12092,238,7265,7116,251,940,0,small business,december
43,ИП Абдигали,476198635,163762,32850,116,44,12,10000,148,2516,2464,622,396,138,mid business,december
44,ИП Абдулманапов А П,273533453,1412,777,1,0,0,1960,27,1412,1383,0,68,0,micro seller,december
45,ИП Абрамов Антон Владимирович,513368588,64715,0,45,380,508,4200,63,2843,2785,9,235,0,small business,december
46,ИП Абрамова О П,4975056167,3697621,789934,3031,2426,1974,35220,625,24581,24080,3209,5696,0,big business,december
47,ИП Абубакиров,1291564181,1177933,163331,609,109,150,19000,297,7646,7490,51,592,150,mid business,december
48,ИП Алиева З А,424157364,3515,18412,3,0,0,3270,66,2201,2156,61,624,0,small business,december
49,ИП Алиева З З,235232594,1136,34080,1,0,0,3300,66,1122,1099,0,210,0,small business,december
50,ИП Алхайров,470300162,2696,8131,2,0,0,10000,144,2721,2665,3,423,0,small business,december
51,ИП Алхайрова,233471365,1425,9619,1,0,0,2500,41,1451,1421,121,218,0,small business,december
52,ИП Андрей Ким,1753954384,14088,175424,11,1,2,14741,275,8912,8730,66,987,0,small business,december
53,ИП Асылбек,534413506,4101,66213,2,1,30,18990,145,4795,4699,0,171,0,,december
54,ИП Асылова,476390806,2933,5271,2,1,10,3450,45,2675,2620,2,396,0,small business,december
55,ИП Ахмедов А М,1872999183,20163,102584,16,2,18,37100,557,10716,10497,384,1743,0,small business,december
56,ИП Ачкасов Максим Геннадьевич,226679324,117055,28093,143,0,0,3000,71,843,826,76,245,0,mid business,december
57,ИП Аяла,251944018,1871,56130,1,0,0,6000,71,1687,1653,0,140,0,micro seller,december
58,ИП Байсейтова,461463074,2486,11829,2,0,0,12000,161,2264,2217,21,462,0,small business,december
59,ИП Бармина И С,260833100,1383,2904,1,0,0,2200,37,1383,1355,0,109,0,micro seller,december
60,ИП Бейсембаева,303673545,32525,34693,15,283,283,3200,38,1965,1925,58,14,782,mid business,december
61,ИП Бейспекова,242827763,747,22410,1,0,0,2100,27,1524,1493,1,177,0,micro seller,december
62,ИП Борисенко Елена Владимировна,3128891554,1447395,888082,956,240,156,55735,891,29227,28634,1433,11764,1258,big business,december
63,ИП Борисова Елена Николаевна,1052712461,12831,40423,6,2,19,16439,180,8742,8565,36,419,0,small business,december
64,ИП Ботов Н В,2780008376,1437159,1015033,978,3596,2519,41950,715,18620,18240,993,4015,5822,big business,december
65,ИП Бурянина М А,560020618,62898,107744,46,3,3,10576,174,4279,4192,90,1276,0,small business,december
66,ИП Власов С В,1916951440,207195,204077,165,100,186,29607,528,11671,11434,740,2512,544,mid business,december
67,ИП Гаджиев М Х,490079626,5155,4858,4,1,5,3800,57,2708,2653,54,339,0,small business,december
68,ИП Гринина А С,855706653,5640,12241,4,17,390,10000,165,4184,4099,20,128,0,small business,december
69,ИП Гулназ М,591231847,311195,188884,184,2,0,6250,69,3756,3680,32,58,0,mid business,december
70,ИП Гуревич Евгений Семенович,33005343,3735,37229,3,4,24,7490,133,2449,2399,97,2860,0,small business,december
71,ИП Дженетов З Б,270263405,1150,1821,1,0,0,2000,39,1215,1190,0,77,0,micro seller,december
72,ИП Женишбекова А Ж,3857484443,3088908,2044509,2289,939,419,33528,638,17958,17593,3094,819,1165,big business,december
73,ИП Ибраимова,280058667,5371,77880,3,0,0,1999,26,1479,1449,6,53,0,mid business,december
74,ИП Ивкин Данил Александрович,468625488,38796,39887,33,135,482,6100,127,3477,3406,168,1704,200,mid business,december
75,ИП Идрисова Н Ш,280909610,1296,38880,1,0,0,2000,21,1571,1539,1,52,0,micro seller,december
76,ИП Ильясова П М,2082249420,43951,99822,35,16,41,18100,226,13517,13240,399,2057,400,mid business,december
77,ИП Казбек,289893939,5706,38516,3,0,0,7000,74,1778,1742,68,38,0,micro seller,december
78,ИП Камбаралиев,1658156225,174660,25118,109,34,349,59910,419,19715,19318,673,289,0,mid business,december
79,ИП Карлыгаш,237828245,58552,11260,47,114,63,5999,80,1198,1174,228,200,0,mid business,december
80,ИП Ким,1797560535,845809,77773,385,165,22,14402,250,9422,9229,344,865,276,mid business,december
81,ИП Ковальчук Анастасия Александровна,4142004052,288791,427870,214,213,1075,87201,1419,47710,46741,2196,22570,453,mid business,december
82,ИП Коншина Карина Владимировна,583342002,31767,22943,17,306,670,8300,130,2885,2826,8,34,1101,mid business,december
83,ИП Коростин В О,833652893,3829,52116,9,2,2,3200,67,2176,2131,41,164,0,micro seller,december
84,ИП Косметиста,1178480356,62750,496087,49,47,486,15911,301,6379,6248,133,1064,0,mid business,december
85,ИП Костров А С,1032554403,296054,16567,220,467,330,9250,254,3315,3247,118,232,1250,mid business,december
86,ИП Куртымов Д С,775772722,47500,144148,24,1,1,7330,120,4286,4199,142,344,0,small business,december
87,ИП Кучумов А К,217671987,2754,25704,2,0,0,1700,19,1377,1349,21,288,0,micro seller,december
88,ИП Ландик Г А,748752429,11887,7412,11,23,119,4818,78,3528,3456,103,416,0,small business,december
89,ИП Лигай Л Г,808440885,15846,559,13,21,133,11760,189,4351,4263,4,240,0,small business,december
90,ИП Липчак М С,1124829205,61613,137880,54,113,1389,10390,209,6108,5983,259,1232,0,mid business,december
91,ИП Литвиненко А Д,822008963,7428,764,19,81,808,4918,136,2582,2529,2,169,0,small business,december
92,ИП Лузан Г П,285909949,292,8760,1,0,0,430,32,292,286,1,17,0,micro seller,december
93,ИП Лыков А В,522781625,52049,47141,56,1,1,4300,114,1845,1807,187,198,0,small business,december
94,ИП Магомедов С А,237081313,1336,19372,1,0,0,2200,40,1300,1274,1,203,0,small business,december
95,ИП Мадышанов,277204460,1054,31620,1,0,0,1500,31,1021,1000,2,58,0,micro seller,december
96,ИП Мари,530832143,1738447,138297,1014,126,7,6300,81,3734,3658,144,182,0,mid business,december
97,ИП Мери,231988435,1317,0,1,6,186,2170,33,1438,1409,3,226,0,small business,december
98,ИП Мирохин Евгений Антонович,445254720,1432,9696,4,0,0,1268,82,742,726,47,516,0,micro seller,december
99,ИП Морозова Е А,243868923,1443,0,1,2,62,3000,51,1443,1414,94,161,0,small business,december
100,ИП Муртазалиев И С,2145441908,30190,182039,20,3,16,20100,220,15059,14753,223,1776,300,mid business,december
101,ИП Назар,217252336,1370,1897,1,0,0,4250,54,1927,1888,12,291,0,small business,december
102,ИП Нуридинова З Н,254393611,1974,1851,1,0,0,5300,62,1974,1934,0,131,0,micro seller,december
103,ИП Объедкова,570131764,45902,27207,108,211,65,4050,69,2676,2622,30,102,700,mid business,december
104,ИП Олизко Е Б,754112034,53818,14314,77,378,875,6700,230,3425,3355,1420,2944,0,mid business,december
105,ИП Омарова,519102981,7036,56350,5,0,0,8000,116,3202,3137,115,228,0,small business,december
106,ИП Павловский В Ю,828891782,8854,13028,7,5,67,13170,215,6020,5897,188,1340,0,mid business,december
107,ИП Порхало Ю В,573121670,5562,59838,3,3,33,8550,104,3830,3753,2,45,0,small business,december
108,ИП Рашидов М К,1666324785,21296,77960,15,3,36,35250,523,11292,11063,211,2630,0,small business,december
109,ИП Роман,3564338915,440524,789852,335,415,21,27659,537,16975,16629,1031,1890,0,mid business,december
110,ИП Рыбалко А Б,2152987746,85112,2070054,103,65,281,17013,426,8803,8622,164,1713,0,mid business,december
111,ИП Рычагов,547518521,12810,9252,12,39,257,6480,140,1936,1896,0,34,480,small business,december
112,ИП Салихов А С,413259021,7688,73444,5,0,0,4119,55,2965,2905,292,672,0,mid business,december
113,ИП Салихова К А,240690926,989,29670,1,0,0,1760,45,963,943,3,187,0,micro seller,december
114,ИП Седова Т Н,2690767131,325878,258862,215,906,5333,25600,396,15230,14922,137,759,1102,mid business,december
115,ИП Селимханов Т Т,244633606,1355,9146,1,0,0,1800,27,1312,1285,1,168,0,micro seller,december
116,ИП Сервис Плюс,792301340,357217,54820,296,2,0,7010,140,3600,3526,36,316,0,mid business,december
117,ИП Сорокин Александр Игоревич,4235871509,1858057,139244,1359,1914,708,48529,863,23322,22846,3880,3232,7338,big business,december
118,ИП Студилко А А,290755268,213,6390,1,0,0,250,14,213,208,3,36,0,micro seller,december
119,ИП Сухарина А С,1494600312,366883,97661,292,577,314,18000,304,8768,8591,4289,567,0,mid business,december
120,ИП Усукеева,532081532,1178715,125608,659,132,11,5320,52,3936,3857,162,178,0,mid business,december
121,ИП Халикова Р К,500081015,4569,54660,3,1,2,5398,87,2991,2931,9,293,0,small business,december
122,ИП Цой О,283001644,1251,37530,1,0,0,3000,58,1251,1225,0,47,0,micro seller,december
123,ИП Цыба Алексей Игоревич,684804249,442949,0,346,193,696,9636,173,3983,3901,3765,797,0,mid business,december
124,ИП Черникова Р В,285574164,252,2352,1,0,0,390,35,252,246,0,42,0,micro seller,december
125,ИП Чупанов М М,662811964,73161,100250,47,3,10,6700,74,5030,4928,625,831,0,small business,december
126,ИП Шанкозова,482364561,43606,19827,35,8,7,7406,123,2821,2763,17,348,0,small business,december
127,ИП Широкородов В И,1300125849,225213,121867,220,330,711,18094,386,6346,6215,390,1680,400,mid business,december
128,ИП Шкуров И А,2667033662,100641,47878,75,121,969,39500,657,13456,13181,37,786,5694,small business,december
129,ИП Эсманов Илья Петрович,1924216527,590555,129585,485,735,547,45304,765,13669,13391,1000,5453,850,mid business,december
130,К.а.а,2640973201,36350,183078,22,4,18,24200,237,18841,18458,1158,2184,0,mid business,december
131,Лили,870457550,78809,284668,46,119,0,14349,85,10134,9929,59,113,222,small business,december
132,Магомедов Магомед Гаджимурадович,687122257,4962,8600,3,0,0,8300,81,6030,5907,5,724,0,small business,december
133,Меджидов,3670772025,107483,317853,61,70,162,40400,515,28004,27436,1762,5145,775,mid business,december
134,Нуридинова Х.н.,251630893,1637,49110,1,0,0,4700,66,1598,1566,1,141,0,micro seller,december
135,ООО Амрус,6999773235,1862911,1901586,996,646,1302,129908,1714,54434,53331,1623,5967,0,big business,december
136,ООО Бьюти Стар,279303248,1113,5788,1,0,0,1833,44,1017,996,1,53,0,micro seller,december
137,ООО ДТС,2269527329,38788,518791,31,1,2,31230,590,19199,18807,3287,10865,0,mid business,december
138,ООО Зеффиро,179080674,7081,12778,4,2,34,13930,152,6660,6525,24,3100,0,mid business,december
139,ООО КО Экспо,4170122619,1469133,682833,901,811,842,103543,1324,29078,28485,1544,4430,482,big business,december
140,ООО Космос Груп,4427638242,2155678,1527945,1799,877,896,78600,1508,38013,37237,5397,18792,616,big business,december
141,ООО Крем ШОП,577200365,4017,27115,3,10,34,5900,110,2619,2566,4,78,0,small business,december
142,ООО Куоре,447415834,3935,498,9,26,254,1422,52,1052,1030,6,504,0,small business,december
143,ООО Лайм,1484154866,44142,26633,44,327,1607,19773,350,5851,5732,9,85,0,mid business,december
144,ООО Сдэк Южный Урал,1307949947,1887167,47197,1184,2849,1161,48205,494,8280,8111,2922,1752,1049,big business,december
145,ООО Табер Трейд,924349702,88068,2029,46,221,3720,25117,304,14199,13911,198,3294,263,mid business,december
146,Османов Магомед Абдулазизович,267409230,1269,8566,1,0,0,2300,47,1210,1185,0,85,0,micro seller,december
147,Осоо Корея Глобал,3702386927,1154974,287790,892,1114,2670,43240,845,16590,16251,356,1219,0,mid business,december
148,Рамазанов Рамазан Меджидович,1594730460,19025,92390,18,2,31,15800,285,10129,9924,66,2956,0,small business,december
149,Риска,6583311583,1379261,550621,780,416,299,88099,749,64083,62787,6257,6032,0,big business,december
150,Северное Сияние,2248573742,50193,293168,39,1,5,19650,482,11108,10881,439,3782,0,small business,december
151,ТОО I Like Skincare,597844529,15401,69570,11,18,117,6718,111,2949,2889,5,46,375,small business,december
152,ТОО Koreacom,471509576,2232,66960,2,0,0,6000,115,2530,2478,262,419,0,small business,december
153,ТОО Компания ЛВВ,1277193007,840058,257325,398,266,145,15560,233,8249,8081,307,637,567,big business,december
154,УСБ,636764754,16879,118810,12,2,5,8250,104,5377,5268,182,936,0,small business,december
155,Устарханов Муслимбек Батырович,427737620,4866,40173,6,1,1,3650,111,1601,1568,75,607,0,small business,december
0,Aiza,517965120,2478,15488,2,1,4,5000,64,3360,3292,2,262,0,micro seller,january
1,Aleum,272172178,62910,545220,45,0,0,3500,61,1360,1332,52,99,0,mid business,january
2,Alexandra,477935288,2272,63616,2,0,0,4250,105,1987,1946,12,420,0,micro seller,january
3,Anis,301384558,16671,0,23,76,96,1450,53,678,664,2,39,353,small business,january
4,B.m.r.oneclick,265033571,972,4666,1,0,0,1500,32,1008,987,13,121,0,micro seller,january
5,Beautyko,784543529,328987,2250326,163,32,1,13566,200,4547,4454,49,388,0,mid business,january
6,Beautymania,525443736,2214,61992,2,0,0,3660,77,2226,2181,1,254,0,micro seller,january
7,Beisen,1416545102,16890,70176,11,1,29,12500,142,9285,9096,826,1428,0,mid business,january
8,Cosmo,504099603,3169,48086,2,0,0,4440,57,3162,3097,2,341,0,micro seller,january
9,Firmach,2115242719,89349,223038,70,280,101,21700,286,16091,15765,3077,4723,0,mid business,january
10,Flatrent,982806373,457998,73649,334,165,141,12450,210,4576,4482,911,765,500,mid business,january
11,Gitinov Kh. I.,276714319,1539,4837,1,0,0,1900,38,1162,1138,48,89,0,small business,january
12,Hottie Cosmetics,3212165091,207775,980944,242,2,29,17650,392,11036,10810,501,1513,1030,mid business,january
13,Korbutik,202640733,1170,32760,1,0,0,1700,26,1242,1217,0,376,0,micro seller,january
14,Korea,260257182,1503,478,1,1,22,2900,53,1336,1309,1,138,0,micro seller,january
15,Korea Love,264915019,886,24808,1,0,0,1555,47,817,800,1,122,0,micro seller,january
16,Korea Mood,259226670,14234,0,13,197,1207,2600,56,1872,1834,1364,1624,0,mid business,january
17,Kukku,598791681,2715,39068,2,0,0,4400,82,2565,2513,0,97,0,micro seller,january
18,Life Style,240734271,906,2013,1,0,0,1300,29,917,898,7,215,0,micro seller,january
19,Lifecosm,9532675739,73104998,20383094,44512,31089,1270,204742,2793,62090,60829,58182,11905,14320,top seller,january
20,Live,1512319445,147549,293399,123,156,52,11305,241,5705,5588,19,199,0,small business,january
21,M.i.m Showroom,1542071686,56985,231576,41,0,0,13500,182,9287,9099,60,915,0,small business,january
22,MD Shop,4225293990,4744089,2076441,3722,2356,404,38350,775,20711,20290,7089,3068,2567,big business,january
23,Meyou Shop,1929163976,53777,174020,46,26,145,23000,448,8216,8049,39,362,0,small business,january
24,Miss Beauty,486208619,3931,19713,3,0,0,4100,68,2676,2622,642,409,0,micro seller,january
25,Seol,526063102,12069,54074,8,2,3,5500,96,2822,2764,165,260,0,small business,january
26,Sst-Group,251223915,1047,9074,1,0,0,2321,5,2183,2139,1,173,0,micro seller,january
27,Tenderness,822563825,281873,125121,167,367,53,11000,197,3860,3782,993,276,403,mid business,january
28,Topface,542147359,3913,38668,3,1,17,6200,105,4008,3926,60,1437,0,small business,january
29,Verovika,825828189,8063,88276,6,0,0,9745,181,3815,3738,179,294,0,small business,january
30,Wildmarket,232950956,975,4680,1,0,0,1300,16,1092,1070,2,251,0,micro seller,january
31,Yolo,2716156566,1400143,5609059,1045,1647,237,40650,700,14785,14486,1616,2168,550,big business,january
32,Zdanie,1153138863,15309,38141,12,0,0,11300,219,7021,6878,463,2607,0,small business,january
33,Zhan Cosmetics,316612112,83600,401280,39,57,7,5200,58,2154,2110,3,4,300,small business,january
34,Zima,242043403,2069,5431,2,0,0,1750,32,1176,1152,5,209,0,small business,january
35,Абдулаева Ш. М.,279898817,2024,12650,1,0,0,2525,16,2099,2057,0,83,0,micro seller,january
36,Адилов Шамиль Эйвазович,279899002,1296,0,1,0,0,2500,32,1680,1646,0,82,0,micro seller,january
37,Адухов Хабибула Магомедович,278375320,1458,4582,1,0,0,2500,39,1512,1481,0,85,0,micro seller,january
38,Алибеккадиева Айшат Абдулкеримовна,290262193,1769,49532,1,0,0,2400,35,1555,1523,1,66,0,micro seller,january
39,Алигаджиева,1220013434,15484,118426,9,0,0,12600,116,9694,9499,172,999,150,small business,january
40,Алимирзаев Гасан Мухтарович,522581938,5792,24708,5,3,15,4500,83,2538,2487,37,275,0,small business,january
41,Алимирзаева Минара Мухтаровна,658793476,4993,61062,4,0,0,6400,112,3953,3873,167,924,0,small business,january
42,Балашова Мадина Бейбитовна,267671580,1657,0,1,0,0,4000,59,1612,1579,0,113,0,micro seller,january
43,Бота,444359755,7215,57791,3,0,0,10000,72,6319,6191,7,594,0,small business,january
44,ИП,462189696,2866,58788,2,0,0,4800,63,3286,3220,12,515,0,micro seller,january
45,ИП Abc,5371012143,1046649,1294652,759,1318,3099,66270,1249,29937,29328,5680,5880,0,mid business,january
46,ИП B Stars,539445279,20752,13706,23,0,0,7060,148,1778,1742,2,170,0,small business,january
47,ИП House OF Cosmetics,267335181,2322,65016,1,0,0,9000,72,2455,2405,0,114,0,micro seller,january
48,ИП I Like,5481663838,1003454,3319772,717,751,709,68643,1072,27110,26558,2167,1395,781,mid business,january
49,ИП Ksc,5126342740,1204981,2181979,792,1127,2048,79329,1346,29585,28984,4133,5618,348,mid business,january
50,ИП Lotos,588522459,15658,63639,10,0,0,3760,17,3424,3355,250,118,0,small business,january
51,ИП Loveskin,612336527,3262,91336,2,0,0,4000,36,3298,3231,6,73,0,micro seller,january
52,ИП Yergeshpayev,3116430239,219713,278622,121,61,148,30122,327,21837,21393,5185,1899,0,mid business,january
53,ИП АН А А,1510540358,10971,178942,8,1,4,11547,163,8476,8304,226,1024,0,small business,january
54,ИП Абдигали,230218514,175693,390429,128,0,0,5000,72,1369,1341,588,263,0,mid business,january
55,ИП Абдулманапов А П,269947101,583,474,1,0,0,1000,41,583,571,0,106,0,micro seller,january
56,ИП Абрамов Антон Владимирович,513368588,44508,0,31,354,668,4200,65,2812,2755,10,293,0,small business,january
57,ИП Абрамова О П,4682381433,4522559,1589411,3596,2610,1402,34500,585,24412,23914,3676,6280,0,big business,january
58,ИП Абубакиров,1247878384,602708,513846,242,169,18,21500,284,9399,9208,150,917,0,mid business,january
59,ИП Агабегова С Ш,2316949973,14642,94669,12,0,0,20750,430,10697,10478,22,1296,0,small business,january
60,ИП Алиева З А,1643097652,28604,232721,21,0,0,16000,228,10771,10553,164,1762,0,small business,january
61,ИП Алиева З З,462671172,10999,17821,9,3,8,6580,89,3621,3548,11,509,0,small business,january
62,ИП Алиева И Г,282525189,1394,39032,1,0,0,2100,20,1675,1641,1,77,0,micro seller,january
63,ИП Алхайров,238688252,2919,39406,2,0,0,5000,68,1599,1567,4,224,0,small business,january
64,ИП Алхайрова,474909970,4253,34404,3,0,0,6000,121,2217,2171,140,458,0,small business,january
65,ИП Андрей Ким,1808557326,22541,210278,13,1,4,14819,211,10274,10065,131,1038,0,small business,january
66,ИП Асылова,715374733,6590,108575,4,0,0,5450,38,4751,4655,14,677,0,small business,january
67,ИП Ахмедов А М,2396396306,19577,292392,14,0,0,44480,608,15743,15424,403,2278,0,small business,january
68,ИП Ачкасов Максим Геннадьевич,226679324,2463,33250,3,0,0,3000,74,777,761,83,274,0,mid business,january
69,ИП Бейсембаева,303673545,2167932,975569,883,80,2,4000,32,2707,2652,147,43,0,mid business,january
70,ИП Бейспекова,242827763,1257,1347,1,1,14,2100,32,1411,1382,1,206,0,micro seller,january
71,ИП Болодис А С,232982733,1731,911,2,0,0,1500,42,864,846,0,218,0,micro seller,january
72,ИП Борисенко Елена Владимировна,3236097802,1259038,778491,777,656,416,58466,834,32250,31595,1546,11713,1402,big business,january
73,ИП Борисова Елена Николаевна,1838306073,25774,130896,13,20,242,25976,334,13164,12897,136,979,0,small business,january
74,ИП Ботов Н В,2502910752,4186462,4546548,2913,1176,339,38263,668,16681,16341,1439,4317,2261,big business,january
75,ИП Бурянина М А,177250965,5727,35794,4,0,0,3990,64,1436,1407,44,498,0,small business,january
76,ИП Варичкина О Н,285597735,187,5236,1,0,0,260,28,187,183,2,68,0,micro seller,january
77,ИП Власов С В,2315871409,242727,576628,188,1028,2302,37447,655,14595,14297,996,3484,1495,mid business,january
78,ИП Гаджиев М Х,1803116396,11827,136113,10,2,4,12700,245,8139,7972,63,1036,0,small business,january
79,ИП Гринина А С,585676230,5193,0,4,23,551,5500,104,2610,2556,0,116,0,small business,january
80,ИП Гулназ М,591231847,32772,392141,15,0,0,6900,66,4536,4445,90,116,0,mid business,january
81,ИП Гуревич Евгений Семенович,16502672,5450,2452,4,0,0,4340,65,1494,1464,81,1459,0,small business,january
82,ИП Джугло И Е,624156532,4677,63139,3,257,375,14573,157,3024,2962,0,2,0,micro seller,january
83,ИП Дорожко,244752692,1349,37772,1,0,0,2220,5,2088,2046,2,196,0,micro seller,january
84,ИП Женишбекова А Ж,5754813719,4676529,8707928,3211,1311,319,57395,994,28259,27684,3917,1246,946,big business,january
85,ИП Ибраимова,280058667,1498,41944,1,0,0,2111,10,1886,1848,47,82,0,mid business,january
86,ИП Ивкин Данил Александрович,468625488,17918,19480,16,121,456,6100,123,3539,3467,169,1791,238,mid business,january
87,ИП Ильясова П М,2115148333,36717,174677,28,2,8,19500,227,14491,14197,699,2263,414,mid business,january
88,ИП Казбек,266662083,3864,52164,2,0,0,6000,69,1806,1769,13,116,138,micro seller,january
89,ИП Калистрина В А,933591022,33231,73847,17,269,453,14150,179,5671,5556,645,36,435,small business,january
90,ИП Камбаралиев,3510186991,1990787,2414553,835,228,274,203455,823,65302,63992,1461,551,661,mid business,january
91,ИП Канищева А С,237422475,699,0,1,0,0,890,28,638,625,2,223,0,micro seller,january
92,ИП Карлыгаш,713497928,171671,1457,165,50,39,15997,242,3013,2951,459,687,0,mid business,january
93,ИП Ким,1028058718,849314,1229321,360,159,6,9509,112,7011,6869,667,612,0,mid business,january
94,ИП Ковальчук Анастасия Александровна,3264190781,271884,294127,175,120,697,84513,1332,45372,44450,2257,23336,0,mid business,january
95,ИП Когай,261110521,950,26600,1,0,0,1800,58,751,735,5,44,0,micro seller,january
96,ИП Коншина Карина Владимировна,1182770141,558913,230744,330,814,349,17300,204,8399,8230,2625,98,1288,mid business,january
97,ИП Коростин В О,555147337,2995,22583,9,0,0,842,32,705,690,59,170,0,micro seller,january
98,ИП Косметиста,718500420,40645,144075,30,36,95,10302,185,3959,3879,195,711,0,mid business,january
99,ИП Костров А С,757537791,394338,70843,284,245,188,8250,194,2866,2807,95,261,250,mid business,january
100,ИП Куртымов Д С,1022459103,7267,60026,5,0,0,9330,180,4977,4876,244,616,0,small business,january
101,ИП Кучумова Г Г,217671951,3740,23375,3,0,0,2000,35,1296,1270,13,317,0,small business,january
102,ИП Ландик Г А,249972682,1225,0,1,22,638,1800,33,1192,1168,59,161,0,small business,january
103,ИП Лигай Л Г,1450346325,64722,17805,52,2,5,17794,325,6177,6051,10,322,0,small business,january
104,ИП Липчак М С,1240683779,50026,142588,30,145,1608,11400,204,6782,6644,254,1000,0,mid business,january
105,ИП Литвиненко А Д,1093623731,11994,21623,33,54,1370,5778,179,3142,3078,23,356,0,small business,january
106,ИП Лузан Г П,285909949,1312,3444,4,0,0,430,23,328,321,5,46,0,micro seller,january
107,ИП Лыков А В,522781625,3571,751,3,59,678,4500,112,2003,1962,220,256,0,small business,january
108,ИП Магомедова С И,217834420,1110,584,1,0,0,5000,74,1260,1234,0,315,0,micro seller,january
109,ИП Мадышанов,277204460,1021,28588,1,0,0,1500,33,993,973,2,87,0,micro seller,january
110,ИП Маметова,606463034,5080,142240,2,0,0,6400,10,6020,5898,5,88,0,micro seller,january
111,ИП Мари,530832143,1666593,2103056,728,488,16,7180,57,5103,5000,330,240,0,mid business,january
112,ИП Мери,231988435,2640,0,2,4,58,2170,38,1329,1302,3,255,0,small business,january
113,ИП Мирзоева Т Б,299552364,1415,8844,1,0,0,1900,38,1176,1152,0,50,0,micro seller,january
114,ИП Морозова Е А,243869289,5106,0,4,1,7,3000,51,1443,1414,79,190,0,small business,january
115,ИП Муртазалиев И С,2136499303,23432,211190,13,2,18,22500,194,17477,17126,333,2076,300,mid business,january
116,ИП Назар,185603681,1073,30044,1,0,0,5250,62,1975,1935,9,456,0,small business,january
117,ИП Нуридинова З Н,754733449,4649,79698,3,0,0,13500,191,4830,4732,4,513,0,micro seller,january
118,ИП Объедкова,1183228660,625954,13418,1341,476,275,9350,149,5758,5641,90,228,928,mid business,january
119,ИП Олизко Е Б,1353162480,110255,79744,193,368,1221,13254,293,7555,7401,1486,3173,0,mid business,january
120,ИП Омарова,518488212,3066,11753,2,1,6,8000,114,3232,3166,207,287,0,small business,january
121,ИП Павловский В Ю,173471808,1924,6047,1,0,0,4000,51,1924,1885,1,524,0,mid business,january
122,ИП Порхало Ю В,573102217,6658,4846,4,0,0,9526,132,3178,3114,2,110,0,small business,january
123,ИП Рабаданов М З,295836852,3030,11615,1,0,0,4300,26,3142,3079,2,57,0,micro seller,january
124,ИП Рашидов М К,1976551120,15077,161365,11,0,0,39950,589,12426,12174,281,2781,0,small business,january
125,ИП Роман,4782492738,639781,2926201,458,4,3,39436,643,25141,24630,5938,2370,629,mid business,january
126,ИП Рума,793158688,5895,112860,4,0,0,8300,130,4653,4559,39,473,0,small business,january
127,ИП Рыбалко А Б,1172360191,36823,303064,58,28,812,9064,220,4984,4882,175,1188,0,mid business,january
128,ИП Рычагов,547518521,41656,0,41,3,5,6480,133,2181,2136,6,92,0,small business,january
129,ИП Садуакас,537170550,3288,45001,2,0,0,4199,39,3351,3283,1482,285,0,micro seller,january
130,ИП Салихов А С,413259021,3279,91812,2,0,0,4220,44,3273,3207,320,730,0,mid business,january
131,ИП Седова Т Н,3285198638,1081135,3735180,632,1164,2924,30180,444,18973,18588,403,1164,1046,mid business,january
132,ИП Сервис Плюс,1577355807,336092,485220,254,354,24,16800,294,8153,7987,483,810,0,mid business,january
133,ИП Сорокин Александр Игоревич,4177555559,2851845,127955,1931,1176,324,45953,737,25037,24528,2364,2642,5620,big business,january
134,ИП Студилко А А,1756926613,3111,52317,10,0,0,2480,115,1992,1949,92,369,0,micro seller,january
135,ИП Сухарина А С,2410412548,1469521,550870,1152,1725,430,32500,522,13317,13046,7143,786,7924,mid business,january
136,ИП Ульянкызы,142345786,2948,39798,1,0,0,5000,69,1512,1481,71,723,0,small business,january
137,ИП Умиралиева,271329618,1524,42672,1,0,0,2100,25,1560,1528,1,104,0,micro seller,january
138,ИП Усукеева,802017352,1795011,1970947,766,132,45,8800,71,6789,6652,262,343,0,mid business,january
139,ИП Халикова Р К,748998555,9307,65928,5,1,29,9597,143,4686,4591,18,528,0,small business,january
140,ИП Цой О,283001644,1394,39032,1,0,0,3000,52,1411,1382,6,76,0,micro seller,january
141,ИП Цыба Алексей Игоревич,684804249,363921,173133,274,442,200,9633,165,4187,4102,3982,884,0,mid business,january
142,ИП Черникова Р В,285909402,336,1613,1,0,0,450,25,336,329,1,71,0,micro seller,january
143,ИП Чупанов М М,597331617,31603,133570,21,2,3,6200,105,4051,3969,414,1198,0,small business,january
144,ИП Шайх Заде С А,829077149,17437,170447,6,1,2,11600,60,9576,9383,26,395,0,small business,january
145,ИП Шанкозова,241177961,10288,19547,8,29,36,3700,66,1252,1226,9,203,0,small business,january
146,ИП Широкородов В И,1277326725,449069,608050,364,495,406,18624,377,6959,6817,421,1972,800,mid business,january
147,ИП Шкуров И А,1668072800,68158,0,43,91,586,27300,389,9461,9270,40,494,350,small business,january
148,ИП Эсманов Илья Петрович,1299486888,442186,189509,327,507,937,33010,518,11591,11356,866,4724,585,mid business,january
149,ИП Янишевский,176326453,699,0,1,0,0,1500,54,680,666,10,506,0,micro seller,january
150,К.а.а,1385714219,22932,161777,14,0,0,13050,96,10962,10740,486,1562,0,mid business,january
151,Красота Залог Успеха,235306570,1421,2325,1,0,0,3900,69,1179,1155,0,240,0,micro seller,january
152,Кучумов Казиахмед Аличубанович,258172364,1462,3249,1,0,0,2100,22,1622,1589,0,148,0,micro seller,january
153,Лучший Магазин,298109995,4536,127008,1,0,0,3200,5,3010,2949,3,53,0,micro seller,january
154,Магомедов Магомед Гаджимурадович,211813653,1821,3460,1,0,0,2700,31,1846,1809,0,342,0,small business,january
155,Меджидов,4228987342,174139,655964,97,13,25,54900,505,40461,39643,2373,5767,250,mid business,january
156,Нуридинова Х.н.,251630892,2553,6702,1,0,0,6900,64,2484,2434,2,171,0,micro seller,january
157,ООО Амрус,8914680933,4385217,8815486,1950,866,184,172839,1986,82064,80403,3280,8236,0,big business,january
158,ООО Бьюти Стар,497814966,2244,25378,2,0,0,4216,83,2448,2398,1,393,0,micro seller,january
159,ООО ДТС,1733699265,45513,467252,33,0,0,25510,427,16846,16501,3047,10066,0,mid business,january
160,ООО Зеффиро,202002263,11656,68662,8,0,0,17170,164,9592,9397,95,4679,0,mid business,january
161,ООО ИК ДЖИ ЭЙ Групп,819637888,9748,8243,7,2,58,5306,105,3436,3366,1,96,0,micro seller,january
162,ООО КО Экспо,3734756717,3794289,5770234,1900,1016,353,99319,1176,28410,27833,2118,4408,1190,big business,january
163,ООО Корекс,241684455,1782,1663,1,0,0,5000,63,1848,1811,29,209,0,mid business,january
164,ООО Космос Груп,3619678958,868976,1830957,682,249,487,66450,1309,30767,30139,2824,16749,440,big business,january
165,ООО Крем ШОП,2923671649,48561,228911,33,0,0,31253,555,13716,13437,74,606,0,small business,january
166,ООО Куоре,366340274,2042,0,3,50,1189,2160,56,1555,1523,28,1014,0,small business,january
167,ООО Лайм,1484171986,252255,148947,202,247,1001,21024,354,6077,5953,526,230,0,mid business,january
168,ООО Сдэк Южный Урал,2234711014,1935561,8864,1109,3755,10058,61010,706,12375,12124,4799,1927,750,big business,january
169,ООО Табер Трейд,1167315930,127555,32959,71,187,1243,30056,383,15291,14981,257,4521,138,mid business,january
170,ООО Юмаркет,292020299,1367,0,1,2,58,1954,28,1406,1377,0,60,0,micro seller,january
171,Осоо Корея Глобал,4066959869,1962466,4227986,1506,2068,900,49740,955,18087,17718,658,1516,0,mid business,january
172,Рамазанов Рамазан Меджидович,390099661,2225,82,2,1,29,4000,86,2267,2220,1,836,0,small business,january
173,Рамазанова Эльзира Магомедовна,586576537,4076,33769,4,0,0,5150,115,3151,3087,27,1239,0,small business,january
174,Риска,9770267186,1616216,1828784,577,937,582,140799,840,113122,110842,9431,12067,837,big business,january
175,Северное Сияние,2005133017,22887,153100,22,1,6,19200,442,10803,10582,319,3906,0,small business,january
176,ТОО I Like Skincare,904052599,84890,46346,61,154,279,9884,169,4065,3982,173,140,0,small business,january
177,ТОО Koreacom,728636417,4916,97976,4,0,0,8500,175,3484,3413,211,618,0,small business,january
178,ТОО Компания ЛВВ,1836744538,1849167,2159191,863,75,529,22920,340,11775,11536,587,980,300,big business,january
179,Тамерлан,825134745,3823,4937,3,0,0,6200,110,3904,3824,0,283,0,micro seller,january
180,Татьяна М.м.,291878369,4476,14067,3,0,0,1900,18,1548,1517,0,63,0,micro seller,january
181,УСБ,424503310,8143,82762,5,0,0,6150,80,3620,3547,162,682,0,small business,january
182,Устарханов Муслимбек Батырович,212927098,717,0,1,0,0,1700,41,999,979,42,335,0,small business,january
